date,hour,day,sales,week
2020-01-01,9,Wednesday,1,1
2020-01-01,10,Wednesday,0,1
2020-01-01,11,Wednesday,0,1
2020-01-01,12,Wednesday,0,1
2020-01-01,13,Wednesday,0,1
2020-01-01,14,Wednesday,0,1
2020-01-01,15,Wednesday,0,1
2020-01-01,16,Wednesday,0,1
2020-01-01,17,Wednesday,0,1
2020-01-01,18,Wednesday,0,1
2020-01-01,19,Wednesday,0,1
2020-01-01,20,Wednesday,0,1
2020-01-02,9,Thursday,1,1
2020-01-02,10,Thursday,0,1
2020-01-02,11,Thursday,0,1
2020-01-02,12,Thursday,0,1
2020-01-02,13,Thursday,0,1
2020-01-02,14,Thursday,0,1
2020-01-02,15,Thursday,0,1
2020-01-02,16,Thursday,0,1
2020-01-02,17,Thursday,0,1
2020-01-02,18,Thursday,0,1
2020-01-02,19,Thursday,0,1
2020-01-02,20,Thursday,0,1
2020-01-03,9,Friday,1,1
2020-01-03,10,Friday,0,1
2020-01-03,11,Friday,0,1
2020-01-03,12,Friday,0,1
2020-01-03,13,Friday,0,1
2020-01-03,14,Friday,0,1
2020-01-03,15,Friday,0,1
2020-01-03,16,Friday,0,1
2020-01-03,17,Friday,0,1
2020-01-03,18,Friday,0,1
2020-01-03,19,Friday,0,1
2020-01-03,20,Friday,0,1
2020-01-04,9,Saturday,0,1
2020-01-04,10,Saturday,1,1
2020-01-04,11,Saturday,0,1
2020-01-04,12,Saturday,0,1
2020-01-04,13,Saturday,0,1
2020-01-04,14,Saturday,0,1
2020-01-04,15,Saturday,0,1
2020-01-04,16,Saturday,0,1
2020-01-04,17,Saturday,0,1
2020-01-04,18,Saturday,0,1
2020-01-04,19,Saturday,0,1
2020-01-04,20,Saturday,0,1
2020-01-05,9,Sunday,2,1
2020-01-05,10,Sunday,1,1
2020-01-05,11,Sunday,1,1
2020-01-05,12,Sunday,1,1
2020-01-05,13,Sunday,0,1
2020-01-05,14,Sunday,0,1
2020-01-05,15,Sunday,0,1
2020-01-05,16,Sunday,1,1
2020-01-05,17,Sunday,1,1
2020-01-05,18,Sunday,0,1
2020-01-05,19,Sunday,1,1
2020-01-05,20,Sunday,0,1
2020-01-06,9,Monday,1,1
2020-01-06,10,Monday,1,1
2020-01-06,11,Monday,1,1
2020-01-06,12,Monday,1,1
2020-01-06,13,Monday,1,1
2020-01-06,14,Monday,1,1
2020-01-06,15,Monday,1,1
2020-01-06,16,Monday,1,1
2020-01-06,17,Monday,1,1
2020-01-06,18,Monday,1,1
2020-01-06,19,Monday,2,1
2020-01-06,20,Monday,1,1
2020-01-07,9,Tuesday,3,1
2020-01-07,10,Tuesday,1,1
2020-01-07,11,Tuesday,5,1
2020-01-07,12,Tuesday,1,1
2020-01-07,13,Tuesday,1,1
2020-01-07,14,Tuesday,1,1
2020-01-07,15,Tuesday,0,1
2020-01-07,16,Tuesday,1,1
2020-01-07,17,Tuesday,0,1
2020-01-07,18,Tuesday,1,1
2020-01-07,19,Tuesday,1,1
2020-01-07,20,Tuesday,0,1
2020-01-08,9,Wednesday,1,2
2020-01-08,10,Wednesday,1,2
2020-01-08,11,Wednesday,1,2
2020-01-08,12,Wednesday,1,2
2020-01-08,13,Wednesday,1,2
2020-01-08,14,Wednesday,3,2
2020-01-08,15,Wednesday,1,2
2020-01-08,16,Wednesday,1,2
2020-01-08,17,Wednesday,1,2
2020-01-08,18,Wednesday,0,2
2020-01-08,19,Wednesday,3,2
2020-01-08,20,Wednesday,0,2
2020-01-09,9,Thursday,0,2
2020-01-09,10,Thursday,3,2
2020-01-09,11,Thursday,1,2
2020-01-09,12,Thursday,3,2
2020-01-09,13,Thursday,2,2
2020-01-09,14,Thursday,1,2
2020-01-09,15,Thursday,1,2
2020-01-09,16,Thursday,1,2
2020-01-09,17,Thursday,0,2
2020-01-09,18,Thursday,0,2
2020-01-09,19,Thursday,0,2
2020-01-09,20,Thursday,0,2
2020-01-10,9,Friday,0,2
2020-01-10,10,Friday,1,2
2020-01-10,11,Friday,1,2
2020-01-10,12,Friday,1,2
2020-01-10,13,Friday,1,2
2020-01-10,14,Friday,1,2
2020-01-10,15,Friday,1,2
2020-01-10,16,Friday,0,2
2020-01-10,17,Friday,1,2
2020-01-10,18,Friday,0,2
2020-01-10,19,Friday,0,2
2020-01-10,20,Friday,1,2
2020-01-11,9,Saturday,0,2
2020-01-11,10,Saturday,1,2
2020-01-11,11,Saturday,1,2
2020-01-11,12,Saturday,1,2
2020-01-11,13,Saturday,1,2
2020-01-11,14,Saturday,1,2
2020-01-11,15,Saturday,0,2
2020-01-11,16,Saturday,0,2
2020-01-11,17,Saturday,0,2
2020-01-11,18,Saturday,0,2
2020-01-11,19,Saturday,0,2
2020-01-11,20,Saturday,0,2
2020-01-12,9,Sunday,0,2
2020-01-12,10,Sunday,0,2
2020-01-12,11,Sunday,1,2
2020-01-12,12,Sunday,1,2
2020-01-12,13,Sunday,1,2
2020-01-12,14,Sunday,0,2
2020-01-12,15,Sunday,0,2
2020-01-12,16,Sunday,0,2
2020-01-12,17,Sunday,0,2
2020-01-12,18,Sunday,0,2
2020-01-12,19,Sunday,2,2
2020-01-12,20,Sunday,1,2
2020-01-13,9,Monday,0,2
2020-01-13,10,Monday,1,2
2020-01-13,11,Monday,1,2
2020-01-13,12,Monday,1,2
2020-01-13,13,Monday,1,2
2020-01-13,14,Monday,1,2
2020-01-13,15,Monday,0,2
2020-01-13,16,Monday,1,2
2020-01-13,17,Monday,3,2
2020-01-13,18,Monday,0,2
2020-01-13,19,Monday,0,2
2020-01-13,20,Monday,0,2
2020-01-14,9,Tuesday,0,2
2020-01-14,10,Tuesday,1,2
2020-01-14,11,Tuesday,3,2
2020-01-14,12,Tuesday,1,2
2020-01-14,13,Tuesday,1,2
2020-01-14,14,Tuesday,1,2
2020-01-14,15,Tuesday,1,2
2020-01-14,16,Tuesday,0,2
2020-01-14,17,Tuesday,0,2
2020-01-14,18,Tuesday,0,2
2020-01-14,19,Tuesday,1,2
2020-01-14,20,Tuesday,0,2
2020-01-15,9,Wednesday,1,3
2020-01-15,10,Wednesday,1,3
2020-01-15,11,Wednesday,1,3
2020-01-15,12,Wednesday,1,3
2020-01-15,13,Wednesday,0,3
2020-01-15,14,Wednesday,1,3
2020-01-15,15,Wednesday,1,3
2020-01-15,16,Wednesday,1,3
2020-01-15,17,Wednesday,0,3
2020-01-15,18,Wednesday,0,3
2020-01-15,19,Wednesday,1,3
2020-01-15,20,Wednesday,1,3
2020-01-16,9,Thursday,0,3
2020-01-16,10,Thursday,3,3
2020-01-16,11,Thursday,3,3
2020-01-16,12,Thursday,1,3
2020-01-16,13,Thursday,3,3
2020-01-16,14,Thursday,2,3
2020-01-16,15,Thursday,1,3
2020-01-16,16,Thursday,1,3
2020-01-16,17,Thursday,1,3
2020-01-16,18,Thursday,0,3
2020-01-16,19,Thursday,0,3
2020-01-16,20,Thursday,0,3
2020-01-17,9,Friday,1,3
2020-01-17,10,Friday,0,3
2020-01-17,11,Friday,1,3
2020-01-17,12,Friday,1,3
2020-01-17,13,Friday,1,3
2020-01-17,14,Friday,0,3
2020-01-17,15,Friday,0,3
2020-01-17,16,Friday,1,3
2020-01-17,17,Friday,1,3
2020-01-17,18,Friday,0,3
2020-01-17,19,Friday,1,3
2020-01-17,20,Friday,0,3
2020-01-18,9,Saturday,0,3
2020-01-18,10,Saturday,0,3
2020-01-18,11,Saturday,3,3
2020-01-18,12,Saturday,3,3
2020-01-18,13,Saturday,1,3
2020-01-18,14,Saturday,0,3
2020-01-18,15,Saturday,1,3
2020-01-18,16,Saturday,0,3
2020-01-18,17,Saturday,1,3
2020-01-18,18,Saturday,1,3
2020-01-18,19,Saturday,1,3
2020-01-18,20,Saturday,0,3
2020-01-19,9,Sunday,0,3
2020-01-19,10,Sunday,0,3
2020-01-19,11,Sunday,1,3
2020-01-19,12,Sunday,1,3
2020-01-19,13,Sunday,1,3
2020-01-19,14,Sunday,0,3
2020-01-19,15,Sunday,1,3
2020-01-19,16,Sunday,0,3
2020-01-19,17,Sunday,0,3
2020-01-19,18,Sunday,0,3
2020-01-19,19,Sunday,0,3
2020-01-19,20,Sunday,0,3
2020-01-20,9,Monday,0,3
2020-01-20,10,Monday,1,3
2020-01-20,11,Monday,0,3
2020-01-20,12,Monday,3,3
2020-01-20,13,Monday,0,3
2020-01-20,14,Monday,2,3
2020-01-20,15,Monday,0,3
2020-01-20,16,Monday,1,3
2020-01-20,17,Monday,0,3
2020-01-20,18,Monday,0,3
2020-01-20,19,Monday,1,3
2020-01-20,20,Monday,1,3
2020-01-21,9,Tuesday,1,3
2020-01-21,10,Tuesday,0,3
2020-01-21,11,Tuesday,3,3
2020-01-21,12,Tuesday,1,3
2020-01-21,13,Tuesday,0,3
2020-01-21,14,Tuesday,1,3
2020-01-21,15,Tuesday,1,3
2020-01-21,16,Tuesday,1,3
2020-01-21,17,Tuesday,1,3
2020-01-21,18,Tuesday,0,3
2020-01-21,19,Tuesday,1,3
2020-01-21,20,Tuesday,1,3
2020-01-22,9,Wednesday,1,4
2020-01-22,10,Wednesday,1,4
2020-01-22,11,Wednesday,0,4
2020-01-22,12,Wednesday,1,4
2020-01-22,13,Wednesday,0,4
2020-01-22,14,Wednesday,1,4
2020-01-22,15,Wednesday,0,4
2020-01-22,16,Wednesday,1,4
2020-01-22,17,Wednesday,0,4
2020-01-22,18,Wednesday,1,4
2020-01-22,19,Wednesday,0,4
2020-01-22,20,Wednesday,1,4
2020-01-23,9,Thursday,3,4
2020-01-23,10,Thursday,1,4
2020-01-23,11,Thursday,1,4
2020-01-23,12,Thursday,1,4
2020-01-23,13,Thursday,1,4
2020-01-23,14,Thursday,3,4
2020-01-23,15,Thursday,1,4
2020-01-23,16,Thursday,1,4
2020-01-23,17,Thursday,1,4
2020-01-23,18,Thursday,0,4
2020-01-23,19,Thursday,0,4
2020-01-23,20,Thursday,0,4
2020-01-24,9,Friday,1,4
2020-01-24,10,Friday,3,4
2020-01-24,11,Friday,1,4
2020-01-24,12,Friday,1,4
2020-01-24,13,Friday,3,4
2020-01-24,14,Friday,3,4
2020-01-24,15,Friday,0,4
2020-01-24,16,Friday,2,4
2020-01-24,17,Friday,1,4
2020-01-24,18,Friday,1,4
2020-01-24,19,Friday,0,4
2020-01-24,20,Friday,0,4
2020-01-25,9,Saturday,1,4
2020-01-25,10,Saturday,1,4
2020-01-25,11,Saturday,1,4
2020-01-25,12,Saturday,1,4
2020-01-25,13,Saturday,1,4
2020-01-25,14,Saturday,3,4
2020-01-25,15,Saturday,1,4
2020-01-25,16,Saturday,0,4
2020-01-25,17,Saturday,1,4
2020-01-25,18,Saturday,1,4
2020-01-25,19,Saturday,0,4
2020-01-25,20,Saturday,0,4
2020-01-26,9,Sunday,0,4
2020-01-26,10,Sunday,1,4
2020-01-26,11,Sunday,1,4
2020-01-26,12,Sunday,1,4
2020-01-26,13,Sunday,0,4
2020-01-26,14,Sunday,0,4
2020-01-26,15,Sunday,0,4
2020-01-26,16,Sunday,0,4
2020-01-26,17,Sunday,1,4
2020-01-26,18,Sunday,0,4
2020-01-26,19,Sunday,0,4
2020-01-26,20,Sunday,0,4
2020-01-27,9,Monday,1,4
2020-01-27,10,Monday,2,4
2020-01-27,11,Monday,3,4
2020-01-27,12,Monday,1,4
2020-01-27,13,Monday,1,4
2020-01-27,14,Monday,1,4
2020-01-27,15,Monday,0,4
2020-01-27,16,Monday,0,4
2020-01-27,17,Monday,0,4
2020-01-27,18,Monday,1,4
2020-01-27,19,Monday,1,4
2020-01-27,20,Monday,0,4
2020-01-28,9,Tuesday,0,4
2020-01-28,10,Tuesday,0,4
2020-01-28,11,Tuesday,3,4
2020-01-28,12,Tuesday,2,4
2020-01-28,13,Tuesday,1,4
2020-01-28,14,Tuesday,1,4
2020-01-28,15,Tuesday,4,4
2020-01-28,16,Tuesday,0,4
2020-01-28,17,Tuesday,1,4
2020-01-28,18,Tuesday,0,4
2020-01-28,19,Tuesday,2,4
2020-01-28,20,Tuesday,1,4
2020-01-29,9,Wednesday,0,5
2020-01-29,10,Wednesday,1,5
2020-01-29,11,Wednesday,3,5
2020-01-29,12,Wednesday,3,5
2020-01-29,13,Wednesday,3,5
2020-01-29,14,Wednesday,1,5
2020-01-29,15,Wednesday,1,5
2020-01-29,16,Wednesday,0,5
2020-01-29,17,Wednesday,0,5
2020-01-29,18,Wednesday,1,5
2020-01-29,19,Wednesday,0,5
2020-01-29,20,Wednesday,1,5
2020-01-30,9,Thursday,0,5
2020-01-30,10,Thursday,1,5
2020-01-30,11,Thursday,1,5
2020-01-30,12,Thursday,1,5
2020-01-30,13,Thursday,1,5
2020-01-30,14,Thursday,0,5
2020-01-30,15,Thursday,1,5
2020-01-30,16,Thursday,0,5
2020-01-30,17,Thursday,1,5
2020-01-30,18,Thursday,0,5
2020-01-30,19,Thursday,1,5
2020-01-30,20,Thursday,0,5
2020-01-31,9,Friday,0,5
2020-01-31,10,Friday,1,5
2020-01-31,11,Friday,0,5
2020-01-31,12,Friday,1,5
2020-01-31,13,Friday,3,5
2020-01-31,14,Friday,1,5
2020-01-31,15,Friday,0,5
2020-01-31,16,Friday,2,5
2020-01-31,17,Friday,0,5
2020-01-31,18,Friday,0,5
2020-01-31,19,Friday,1,5
2020-01-31,20,Friday,0,5
2020-02-01,9,Saturday,0,5
2020-02-01,10,Saturday,1,5
2020-02-01,11,Saturday,1,5
2020-02-01,12,Saturday,1,5
2020-02-01,13,Saturday,1,5
2020-02-01,14,Saturday,0,5
2020-02-01,15,Saturday,1,5
2020-02-01,16,Saturday,1,5
2020-02-01,17,Saturday,0,5
2020-02-01,18,Saturday,0,5
2020-02-01,19,Saturday,0,5
2020-02-01,20,Saturday,0,5
2020-02-02,9,Sunday,0,5
2020-02-02,10,Sunday,0,5
2020-02-02,11,Sunday,1,5
2020-02-02,12,Sunday,1,5
2020-02-02,13,Sunday,1,5
2020-02-02,14,Sunday,0,5
2020-02-02,15,Sunday,0,5
2020-02-02,16,Sunday,1,5
2020-02-02,17,Sunday,0,5
2020-02-02,18,Sunday,0,5
2020-02-02,19,Sunday,0,5
2020-02-02,20,Sunday,0,5
2020-02-03,9,Monday,1,5
2020-02-03,10,Monday,1,5
2020-02-03,11,Monday,3,5
2020-02-03,12,Monday,3,5
2020-02-03,13,Monday,1,5
2020-02-03,14,Monday,1,5
2020-02-03,15,Monday,3,5
2020-02-03,16,Monday,1,5
2020-02-03,17,Monday,1,5
2020-02-03,18,Monday,0,5
2020-02-03,19,Monday,0,5
2020-02-03,20,Monday,0,5
2020-02-04,9,Tuesday,1,5
2020-02-04,10,Tuesday,0,5
2020-02-04,11,Tuesday,6,5
2020-02-04,12,Tuesday,3,5
2020-02-04,13,Tuesday,2,5
2020-02-04,14,Tuesday,1,5
2020-02-04,15,Tuesday,1,5
2020-02-04,16,Tuesday,1,5
2020-02-04,17,Tuesday,1,5
2020-02-04,18,Tuesday,1,5
2020-02-04,19,Tuesday,1,5
2020-02-04,20,Tuesday,0,5
2020-02-05,9,Wednesday,0,6
2020-02-05,10,Wednesday,1,6
2020-02-05,11,Wednesday,1,6
2020-02-05,12,Wednesday,1,6
2020-02-05,13,Wednesday,0,6
2020-02-05,14,Wednesday,1,6
2020-02-05,15,Wednesday,1,6
2020-02-05,16,Wednesday,1,6
2020-02-05,17,Wednesday,1,6
2020-02-05,18,Wednesday,0,6
2020-02-05,19,Wednesday,0,6
2020-02-05,20,Wednesday,0,6
2020-02-06,9,Thursday,2,6
2020-02-06,10,Thursday,3,6
2020-02-06,11,Thursday,1,6
2020-02-06,12,Thursday,3,6
2020-02-06,13,Thursday,1,6
2020-02-06,14,Thursday,3,6
2020-02-06,15,Thursday,1,6
2020-02-06,16,Thursday,0,6
2020-02-06,17,Thursday,0,6
2020-02-06,18,Thursday,2,6
2020-02-06,19,Thursday,1,6
2020-02-06,20,Thursday,0,6
2020-02-07,9,Friday,0,6
2020-02-07,10,Friday,3,6
2020-02-07,11,Friday,1,6
2020-02-07,12,Friday,4,6
2020-02-07,13,Friday,2,6
2020-02-07,14,Friday,1,6
2020-02-07,15,Friday,3,6
2020-02-07,16,Friday,0,6
2020-02-07,17,Friday,3,6
2020-02-07,18,Friday,0,6
2020-02-07,19,Friday,1,6
2020-02-07,20,Friday,0,6
2020-02-08,9,Saturday,0,6
2020-02-08,10,Saturday,1,6
2020-02-08,11,Saturday,0,6
2020-02-08,12,Saturday,1,6
2020-02-08,13,Saturday,1,6
2020-02-08,14,Saturday,0,6
2020-02-08,15,Saturday,0,6
2020-02-08,16,Saturday,0,6
2020-02-08,17,Saturday,1,6
2020-02-08,18,Saturday,0,6
2020-02-08,19,Saturday,0,6
2020-02-08,20,Saturday,0,6
2020-02-09,9,Sunday,0,6
2020-02-09,10,Sunday,1,6
2020-02-09,11,Sunday,3,6
2020-02-09,12,Sunday,3,6
2020-02-09,13,Sunday,0,6
2020-02-09,14,Sunday,0,6
2020-02-09,15,Sunday,0,6
2020-02-09,16,Sunday,0,6
2020-02-09,17,Sunday,0,6
2020-02-09,18,Sunday,0,6
2020-02-09,19,Sunday,0,6
2020-02-09,20,Sunday,1,6
2020-02-10,9,Monday,0,6
2020-02-10,10,Monday,1,6
2020-02-10,11,Monday,1,6
2020-02-10,12,Monday,0,6
2020-02-10,13,Monday,2,6
2020-02-10,14,Monday,0,6
2020-02-10,15,Monday,0,6
2020-02-10,16,Monday,0,6
2020-02-10,17,Monday,0,6
2020-02-10,18,Monday,0,6
2020-02-10,19,Monday,0,6
2020-02-10,20,Monday,0,6
2020-02-11,9,Tuesday,0,6
2020-02-11,10,Tuesday,1,6
2020-02-11,11,Tuesday,3,6
2020-02-11,12,Tuesday,1,6
2020-02-11,13,Tuesday,0,6
2020-02-11,14,Tuesday,1,6
2020-02-11,15,Tuesday,1,6
2020-02-11,16,Tuesday,3,6
2020-02-11,17,Tuesday,1,6
2020-02-11,18,Tuesday,0,6
2020-02-11,19,Tuesday,0,6
2020-02-11,20,Tuesday,1,6
2020-02-12,9,Wednesday,0,7
2020-02-12,10,Wednesday,0,7
2020-02-12,11,Wednesday,0,7
2020-02-12,12,Wednesday,3,7
2020-02-12,13,Wednesday,1,7
2020-02-12,14,Wednesday,1,7
2020-02-12,15,Wednesday,1,7
2020-02-12,16,Wednesday,3,7
2020-02-12,17,Wednesday,0,7
2020-02-12,18,Wednesday,0,7
2020-02-12,19,Wednesday,0,7
2020-02-12,20,Wednesday,0,7
2020-02-13,9,Thursday,0,7
2020-02-13,10,Thursday,1,7
2020-02-13,11,Thursday,1,7
2020-02-13,12,Thursday,1,7
2020-02-13,13,Thursday,1,7
2020-02-13,14,Thursday,1,7
2020-02-13,15,Thursday,1,7
2020-02-13,16,Thursday,1,7
2020-02-13,17,Thursday,1,7
2020-02-13,18,Thursday,0,7
2020-02-13,19,Thursday,0,7
2020-02-13,20,Thursday,0,7
2020-02-14,9,Friday,0,7
2020-02-14,10,Friday,0,7
2020-02-14,11,Friday,1,7
2020-02-14,12,Friday,1,7
2020-02-14,13,Friday,1,7
2020-02-14,14,Friday,1,7
2020-02-14,15,Friday,3,7
2020-02-14,16,Friday,0,7
2020-02-14,17,Friday,1,7
2020-02-14,18,Friday,1,7
2020-02-14,19,Friday,1,7
2020-02-14,20,Friday,0,7
2020-02-15,9,Saturday,2,7
2020-02-15,10,Saturday,1,7
2020-02-15,11,Saturday,1,7
2020-02-15,12,Saturday,2,7
2020-02-15,13,Saturday,3,7
2020-02-15,14,Saturday,3,7
2020-02-15,15,Saturday,0,7
2020-02-15,16,Saturday,0,7
2020-02-15,17,Saturday,0,7
2020-02-15,18,Saturday,0,7
2020-02-15,19,Saturday,0,7
2020-02-15,20,Saturday,0,7
2020-02-16,9,Sunday,1,7
2020-02-16,10,Sunday,1,7
2020-02-16,11,Sunday,1,7
2020-02-16,12,Sunday,0,7
2020-02-16,13,Sunday,1,7
2020-02-16,14,Sunday,1,7
2020-02-16,15,Sunday,0,7
2020-02-16,16,Sunday,0,7
2020-02-16,17,Sunday,0,7
2020-02-16,18,Sunday,0,7
2020-02-16,19,Sunday,1,7
2020-02-16,20,Sunday,0,7
2020-02-17,9,Monday,0,7
2020-02-17,10,Monday,1,7
2020-02-17,11,Monday,3,7
2020-02-17,12,Monday,1,7
2020-02-17,13,Monday,1,7
2020-02-17,14,Monday,1,7
2020-02-17,15,Monday,3,7
2020-02-17,16,Monday,1,7
2020-02-17,17,Monday,0,7
2020-02-17,18,Monday,1,7
2020-02-17,19,Monday,0,7
2020-02-17,20,Monday,1,7
2020-02-18,9,Tuesday,1,7
2020-02-18,10,Tuesday,1,7
2020-02-18,11,Tuesday,1,7
2020-02-18,12,Tuesday,0,7
2020-02-18,13,Tuesday,1,7
2020-02-18,14,Tuesday,0,7
2020-02-18,15,Tuesday,1,7
2020-02-18,16,Tuesday,1,7
2020-02-18,17,Tuesday,0,7
2020-02-18,18,Tuesday,0,7
2020-02-18,19,Tuesday,0,7
2020-02-18,20,Tuesday,0,7
2020-02-19,9,Wednesday,1,8
2020-02-19,10,Wednesday,1,8
2020-02-19,11,Wednesday,0,8
2020-02-19,12,Wednesday,0,8
2020-02-19,13,Wednesday,1,8
2020-02-19,14,Wednesday,1,8
2020-02-19,15,Wednesday,3,8
2020-02-19,16,Wednesday,0,8
2020-02-19,17,Wednesday,0,8
2020-02-19,18,Wednesday,1,8
2020-02-19,19,Wednesday,2,8
2020-02-19,20,Wednesday,0,8
2020-02-20,9,Thursday,0,8
2020-02-20,10,Thursday,0,8
2020-02-20,11,Thursday,1,8
2020-02-20,12,Thursday,0,8
2020-02-20,13,Thursday,1,8
2020-02-20,14,Thursday,3,8
2020-02-20,15,Thursday,1,8
2020-02-20,16,Thursday,1,8
2020-02-20,17,Thursday,0,8
2020-02-20,18,Thursday,1,8
2020-02-20,19,Thursday,0,8
2020-02-20,20,Thursday,0,8
2020-02-21,9,Friday,1,8
2020-02-21,10,Friday,0,8
2020-02-21,11,Friday,0,8
2020-02-21,12,Friday,1,8
2020-02-21,13,Friday,0,8
2020-02-21,14,Friday,1,8
2020-02-21,15,Friday,1,8
2020-02-21,16,Friday,1,8
2020-02-21,17,Friday,0,8
2020-02-21,18,Friday,0,8
2020-02-21,19,Friday,0,8
2020-02-21,20,Friday,0,8
2020-02-22,9,Saturday,1,8
2020-02-22,10,Saturday,1,8
2020-02-22,11,Saturday,1,8
2020-02-22,12,Saturday,1,8
2020-02-22,13,Saturday,3,8
2020-02-22,14,Saturday,0,8
2020-02-22,15,Saturday,1,8
2020-02-22,16,Saturday,0,8
2020-02-22,17,Saturday,0,8
2020-02-22,18,Saturday,1,8
2020-02-22,19,Saturday,0,8
2020-02-22,20,Saturday,0,8
2020-02-23,9,Sunday,0,8
2020-02-23,10,Sunday,1,8
2020-02-23,11,Sunday,0,8
2020-02-23,12,Sunday,3,8
2020-02-23,13,Sunday,1,8
2020-02-23,14,Sunday,1,8
2020-02-23,15,Sunday,1,8
2020-02-23,16,Sunday,0,8
2020-02-23,17,Sunday,1,8
2020-02-23,18,Sunday,0,8
2020-02-23,19,Sunday,0,8
2020-02-23,20,Sunday,1,8
2020-02-24,9,Monday,0,8
2020-02-24,10,Monday,1,8
2020-02-24,11,Monday,0,8
2020-02-24,12,Monday,3,8
2020-02-24,13,Monday,0,8
2020-02-24,14,Monday,3,8
2020-02-24,15,Monday,1,8
2020-02-24,16,Monday,0,8
2020-02-24,17,Monday,0,8
2020-02-24,18,Monday,1,8
2020-02-24,19,Monday,0,8
2020-02-24,20,Monday,0,8
2020-02-25,9,Tuesday,0,8
2020-02-25,10,Tuesday,1,8
2020-02-25,11,Tuesday,1,8
2020-02-25,12,Tuesday,3,8
2020-02-25,13,Tuesday,0,8
2020-02-25,14,Tuesday,1,8
2020-02-25,15,Tuesday,0,8
2020-02-25,16,Tuesday,0,8
2020-02-25,17,Tuesday,1,8
2020-02-25,18,Tuesday,1,8
2020-02-25,19,Tuesday,0,8
2020-02-25,20,Tuesday,0,8
2020-02-26,9,Wednesday,1,9
2020-02-26,10,Wednesday,0,9
2020-02-26,11,Wednesday,1,9
2020-02-26,12,Wednesday,3,9
2020-02-26,13,Wednesday,1,9
2020-02-26,14,Wednesday,1,9
2020-02-26,15,Wednesday,1,9
2020-02-26,16,Wednesday,0,9
2020-02-26,17,Wednesday,0,9
2020-02-26,18,Wednesday,1,9
2020-02-26,19,Wednesday,1,9
2020-02-26,20,Wednesday,1,9
2020-02-27,9,Thursday,0,9
2020-02-27,10,Thursday,1,9
2020-02-27,11,Thursday,3,9
2020-02-27,12,Thursday,1,9
2020-02-27,13,Thursday,1,9
2020-02-27,14,Thursday,3,9
2020-02-27,15,Thursday,3,9
2020-02-27,16,Thursday,1,9
2020-02-27,17,Thursday,1,9
2020-02-27,18,Thursday,0,9
2020-02-27,19,Thursday,0,9
2020-02-27,20,Thursday,1,9
2020-02-28,9,Friday,1,9
2020-02-28,10,Friday,0,9
2020-02-28,11,Friday,1,9
2020-02-28,12,Friday,1,9
2020-02-28,13,Friday,1,9
2020-02-28,14,Friday,1,9
2020-02-28,15,Friday,0,9
2020-02-28,16,Friday,3,9
2020-02-28,17,Friday,1,9
2020-02-28,18,Friday,1,9
2020-02-28,19,Friday,0,9
2020-02-28,20,Friday,0,9
2020-02-29,9,Saturday,0,9
2020-02-29,10,Saturday,1,9
2020-02-29,11,Saturday,3,9
2020-02-29,12,Saturday,0,9
2020-02-29,13,Saturday,0,9
2020-02-29,14,Saturday,1,9
2020-02-29,15,Saturday,3,9
2020-02-29,16,Saturday,3,9
2020-02-29,17,Saturday,0,9
2020-02-29,18,Saturday,0,9
2020-02-29,19,Saturday,0,9
2020-02-29,20,Saturday,0,9
2020-03-01,9,Sunday,2,9
2020-03-01,10,Sunday,0,9
2020-03-01,11,Sunday,1,9
2020-03-01,12,Sunday,1,9
2020-03-01,13,Sunday,1,9
2020-03-01,14,Sunday,0,9
2020-03-01,15,Sunday,1,9
2020-03-01,16,Sunday,0,9
2020-03-01,17,Sunday,0,9
2020-03-01,18,Sunday,0,9
2020-03-01,19,Sunday,0,9
2020-03-01,20,Sunday,0,9
2020-03-02,9,Monday,1,9
2020-03-02,10,Monday,4,9
2020-03-02,11,Monday,1,9
2020-03-02,12,Monday,3,9
2020-03-02,13,Monday,1,9
2020-03-02,14,Monday,3,9
2020-03-02,15,Monday,1,9
2020-03-02,16,Monday,1,9
2020-03-02,17,Monday,0,9
2020-03-02,18,Monday,0,9
2020-03-02,19,Monday,1,9
2020-03-02,20,Monday,0,9
2020-03-03,9,Tuesday,0,9
2020-03-03,10,Tuesday,1,9
2020-03-03,11,Tuesday,3,9
2020-03-03,12,Tuesday,1,9
2020-03-03,13,Tuesday,1,9
2020-03-03,14,Tuesday,1,9
2020-03-03,15,Tuesday,0,9
2020-03-03,16,Tuesday,1,9
2020-03-03,17,Tuesday,1,9
2020-03-03,18,Tuesday,2,9
2020-03-03,19,Tuesday,0,9
2020-03-03,20,Tuesday,1,9
2020-03-04,9,Wednesday,0,10
2020-03-04,10,Wednesday,1,10
2020-03-04,11,Wednesday,3,10
2020-03-04,12,Wednesday,1,10
2020-03-04,13,Wednesday,0,10
2020-03-04,14,Wednesday,3,10
2020-03-04,15,Wednesday,3,10
2020-03-04,16,Wednesday,1,10
2020-03-04,17,Wednesday,0,10
2020-03-04,18,Wednesday,0,10
2020-03-04,19,Wednesday,0,10
2020-03-04,20,Wednesday,0,10
2020-03-05,9,Thursday,1,10
2020-03-05,10,Thursday,1,10
2020-03-05,11,Thursday,1,10
2020-03-05,12,Thursday,1,10
2020-03-05,13,Thursday,3,10
2020-03-05,14,Thursday,0,10
2020-03-05,15,Thursday,1,10
2020-03-05,16,Thursday,3,10
2020-03-05,17,Thursday,0,10
2020-03-05,18,Thursday,1,10
2020-03-05,19,Thursday,1,10
2020-03-05,20,Thursday,0,10
2020-03-06,9,Friday,0,10
2020-03-06,10,Friday,1,10
2020-03-06,11,Friday,1,10
2020-03-06,12,Friday,1,10
2020-03-06,13,Friday,3,10
2020-03-06,14,Friday,1,10
2020-03-06,15,Friday,1,10
2020-03-06,16,Friday,1,10
2020-03-06,17,Friday,2,10
2020-03-06,18,Friday,0,10
2020-03-06,19,Friday,1,10
2020-03-06,20,Friday,3,10
2020-03-07,9,Saturday,0,10
2020-03-07,10,Saturday,1,10
2020-03-07,11,Saturday,1,10
2020-03-07,12,Saturday,1,10
2020-03-07,13,Saturday,3,10
2020-03-07,14,Saturday,1,10
2020-03-07,15,Saturday,1,10
2020-03-07,16,Saturday,1,10
2020-03-07,17,Saturday,1,10
2020-03-07,18,Saturday,1,10
2020-03-07,19,Saturday,1,10
2020-03-07,20,Saturday,0,10
2020-03-08,9,Sunday,0,10
2020-03-08,10,Sunday,1,10
2020-03-08,11,Sunday,7,10
2020-03-08,12,Sunday,0,10
2020-03-08,13,Sunday,1,10
2020-03-08,14,Sunday,0,10
2020-03-08,15,Sunday,1,10
2020-03-08,16,Sunday,1,10
2020-03-08,17,Sunday,3,10
2020-03-08,18,Sunday,0,10
2020-03-08,19,Sunday,0,10
2020-03-08,20,Sunday,0,10
2020-03-09,9,Monday,1,10
2020-03-09,10,Monday,1,10
2020-03-09,11,Monday,3,10
2020-03-09,12,Monday,1,10
2020-03-09,13,Monday,1,10
2020-03-09,14,Monday,1,10
2020-03-09,15,Monday,1,10
2020-03-09,16,Monday,1,10
2020-03-09,17,Monday,1,10
2020-03-09,18,Monday,0,10
2020-03-09,19,Monday,1,10
2020-03-09,20,Monday,0,10
2020-03-10,9,Tuesday,0,10
2020-03-10,10,Tuesday,1,10
2020-03-10,11,Tuesday,1,10
2020-03-10,12,Tuesday,1,10
2020-03-10,13,Tuesday,1,10
2020-03-10,14,Tuesday,0,10
2020-03-10,15,Tuesday,1,10
2020-03-10,16,Tuesday,1,10
2020-03-10,17,Tuesday,3,10
2020-03-10,18,Tuesday,0,10
2020-03-10,19,Tuesday,0,10
2020-03-10,20,Tuesday,0,10
2020-03-11,9,Wednesday,1,11
2020-03-11,10,Wednesday,3,11
2020-03-11,11,Wednesday,1,11
2020-03-11,12,Wednesday,1,11
2020-03-11,13,Wednesday,0,11
2020-03-11,14,Wednesday,1,11
2020-03-11,15,Wednesday,1,11
2020-03-11,16,Wednesday,1,11
2020-03-11,17,Wednesday,1,11
2020-03-11,18,Wednesday,0,11
2020-03-11,19,Wednesday,0,11
2020-03-11,20,Wednesday,0,11
2020-03-12,9,Thursday,0,11
2020-03-12,10,Thursday,1,11
2020-03-12,11,Thursday,1,11
2020-03-12,12,Thursday,1,11
2020-03-12,13,Thursday,0,11
2020-03-12,14,Thursday,0,11
2020-03-12,15,Thursday,0,11
2020-03-12,16,Thursday,0,11
2020-03-12,17,Thursday,0,11
2020-03-12,18,Thursday,1,11
2020-03-12,19,Thursday,2,11
2020-03-12,20,Thursday,0,11
2020-03-13,9,Friday,0,11
2020-03-13,10,Friday,0,11
2020-03-13,11,Friday,3,11
2020-03-13,12,Friday,1,11
2020-03-13,13,Friday,0,11
2020-03-13,14,Friday,3,11
2020-03-13,15,Friday,1,11
2020-03-13,16,Friday,2,11
2020-03-13,17,Friday,1,11
2020-03-13,18,Friday,3,11
2020-03-13,19,Friday,0,11
2020-03-13,20,Friday,0,11
2020-03-14,9,Saturday,0,11
2020-03-14,10,Saturday,0,11
2020-03-14,11,Saturday,1,11
2020-03-14,12,Saturday,1,11
2020-03-14,13,Saturday,0,11
2020-03-14,14,Saturday,1,11
2020-03-14,15,Saturday,1,11
2020-03-14,16,Saturday,1,11
2020-03-14,17,Saturday,1,11
2020-03-14,18,Saturday,0,11
2020-03-14,19,Saturday,1,11
2020-03-14,20,Saturday,1,11
2020-03-15,9,Sunday,0,11
2020-03-15,10,Sunday,1,11
2020-03-15,11,Sunday,0,11
2020-03-15,12,Sunday,1,11
2020-03-15,13,Sunday,0,11
2020-03-15,14,Sunday,1,11
2020-03-15,15,Sunday,1,11
2020-03-15,16,Sunday,3,11
2020-03-15,17,Sunday,0,11
2020-03-15,18,Sunday,0,11
2020-03-15,19,Sunday,0,11
2020-03-15,20,Sunday,0,11
2020-03-16,9,Monday,0,11
2020-03-16,10,Monday,1,11
2020-03-16,11,Monday,3,11
2020-03-16,12,Monday,1,11
2020-03-16,13,Monday,1,11
2020-03-16,14,Monday,2,11
2020-03-16,15,Monday,1,11
2020-03-16,16,Monday,1,11
2020-03-16,17,Monday,0,11
2020-03-16,18,Monday,1,11
2020-03-16,19,Monday,0,11
2020-03-16,20,Monday,0,11
2020-03-17,9,Tuesday,1,11
2020-03-17,10,Tuesday,0,11
2020-03-17,11,Tuesday,3,11
2020-03-17,12,Tuesday,1,11
2020-03-17,13,Tuesday,1,11
2020-03-17,14,Tuesday,0,11
2020-03-17,15,Tuesday,1,11
2020-03-17,16,Tuesday,1,11
2020-03-17,17,Tuesday,0,11
2020-03-17,18,Tuesday,1,11
2020-03-17,19,Tuesday,0,11
2020-03-17,20,Tuesday,1,11
2020-03-18,9,Wednesday,1,12
2020-03-18,10,Wednesday,1,12
2020-03-18,11,Wednesday,2,12
2020-03-18,12,Wednesday,3,12
2020-03-18,13,Wednesday,0,12
2020-03-18,14,Wednesday,1,12
2020-03-18,15,Wednesday,0,12
2020-03-18,16,Wednesday,1,12
2020-03-18,17,Wednesday,1,12
2020-03-18,18,Wednesday,0,12
2020-03-18,19,Wednesday,0,12
2020-03-18,20,Wednesday,0,12
2020-03-19,9,Thursday,1,12
2020-03-19,10,Thursday,1,12
2020-03-19,11,Thursday,2,12
2020-03-19,12,Thursday,1,12
2020-03-19,13,Thursday,1,12
2020-03-19,14,Thursday,1,12
2020-03-19,15,Thursday,1,12
2020-03-19,16,Thursday,0,12
2020-03-19,17,Thursday,0,12
2020-03-19,18,Thursday,3,12
2020-03-19,19,Thursday,3,12
2020-03-19,20,Thursday,1,12
2020-03-20,9,Friday,0,12
2020-03-20,10,Friday,0,12
2020-03-20,11,Friday,0,12
2020-03-20,12,Friday,0,12
2020-03-20,13,Friday,1,12
2020-03-20,14,Friday,1,12
2020-03-20,15,Friday,0,12
2020-03-20,16,Friday,3,12
2020-03-20,17,Friday,2,12
2020-03-20,18,Friday,0,12
2020-03-20,19,Friday,1,12
2020-03-20,20,Friday,0,12
2020-03-21,9,Saturday,0,12
2020-03-21,10,Saturday,1,12
2020-03-21,11,Saturday,1,12
2020-03-21,12,Saturday,1,12
2020-03-21,13,Saturday,1,12
2020-03-21,14,Saturday,3,12
2020-03-21,15,Saturday,0,12
2020-03-21,16,Saturday,3,12
2020-03-21,17,Saturday,0,12
2020-03-21,18,Saturday,0,12
2020-03-21,19,Saturday,0,12
2020-03-21,20,Saturday,0,12
2020-03-22,9,Sunday,1,12
2020-03-22,10,Sunday,0,12
2020-03-22,11,Sunday,1,12
2020-03-22,12,Sunday,2,12
2020-03-22,13,Sunday,3,12
2020-03-22,14,Sunday,0,12
2020-03-22,15,Sunday,1,12
2020-03-22,16,Sunday,3,12
2020-03-22,17,Sunday,0,12
2020-03-22,18,Sunday,0,12
2020-03-22,19,Sunday,0,12
2020-03-22,20,Sunday,0,12
2020-03-23,9,Monday,1,12
2020-03-23,10,Monday,1,12
2020-03-23,11,Monday,1,12
2020-03-23,12,Monday,1,12
2020-03-23,13,Monday,0,12
2020-03-23,14,Monday,1,12
2020-03-23,15,Monday,1,12
2020-03-23,16,Monday,1,12
2020-03-23,17,Monday,1,12
2020-03-23,18,Monday,1,12
2020-03-23,19,Monday,0,12
2020-03-23,20,Monday,0,12
2020-03-24,9,Tuesday,0,12
2020-03-24,10,Tuesday,1,12
2020-03-24,11,Tuesday,2,12
2020-03-24,12,Tuesday,1,12
2020-03-24,13,Tuesday,0,12
2020-03-24,14,Tuesday,1,12
2020-03-24,15,Tuesday,2,12
2020-03-24,16,Tuesday,1,12
2020-03-24,17,Tuesday,2,12
2020-03-24,18,Tuesday,0,12
2020-03-24,19,Tuesday,0,12
2020-03-24,20,Tuesday,1,12
2020-03-25,9,Wednesday,0,13
2020-03-25,10,Wednesday,1,13
2020-03-25,11,Wednesday,3,13
2020-03-25,12,Wednesday,3,13
2020-03-25,13,Wednesday,3,13
2020-03-25,14,Wednesday,1,13
2020-03-25,15,Wednesday,1,13
2020-03-25,16,Wednesday,1,13
2020-03-25,17,Wednesday,1,13
2020-03-25,18,Wednesday,1,13
2020-03-25,19,Wednesday,0,13
2020-03-25,20,Wednesday,0,13
2020-03-26,9,Thursday,0,13
2020-03-26,10,Thursday,2,13
2020-03-26,11,Thursday,1,13
2020-03-26,12,Thursday,1,13
2020-03-26,13,Thursday,0,13
2020-03-26,14,Thursday,0,13
2020-03-26,15,Thursday,2,13
2020-03-26,16,Thursday,3,13
2020-03-26,17,Thursday,1,13
2020-03-26,18,Thursday,1,13
2020-03-26,19,Thursday,0,13
2020-03-26,20,Thursday,0,13
2020-03-27,9,Friday,0,13
2020-03-27,10,Friday,3,13
2020-03-27,11,Friday,0,13
2020-03-27,12,Friday,2,13
2020-03-27,13,Friday,1,13
2020-03-27,14,Friday,0,13
2020-03-27,15,Friday,1,13
2020-03-27,16,Friday,1,13
2020-03-27,17,Friday,1,13
2020-03-27,18,Friday,1,13
2020-03-27,19,Friday,1,13
2020-03-27,20,Friday,0,13
2020-03-28,9,Saturday,0,13
2020-03-28,10,Saturday,0,13
2020-03-28,11,Saturday,1,13
2020-03-28,12,Saturday,1,13
2020-03-28,13,Saturday,1,13
2020-03-28,14,Saturday,1,13
2020-03-28,15,Saturday,3,13
2020-03-28,16,Saturday,0,13
2020-03-28,17,Saturday,1,13
2020-03-28,18,Saturday,0,13
2020-03-28,19,Saturday,1,13
2020-03-28,20,Saturday,1,13
2020-03-29,9,Sunday,0,13
2020-03-29,10,Sunday,0,13
2020-03-29,11,Sunday,3,13
2020-03-29,12,Sunday,0,13
2020-03-29,13,Sunday,0,13
2020-03-29,14,Sunday,3,13
2020-03-29,15,Sunday,0,13
2020-03-29,16,Sunday,1,13
2020-03-29,17,Sunday,0,13
2020-03-29,18,Sunday,1,13
2020-03-29,19,Sunday,0,13
2020-03-29,20,Sunday,1,13
2020-03-30,9,Monday,1,13
2020-03-30,10,Monday,2,13
2020-03-30,11,Monday,1,13
2020-03-30,12,Monday,1,13
2020-03-30,13,Monday,1,13
2020-03-30,14,Monday,0,13
2020-03-30,15,Monday,0,13
2020-03-30,16,Monday,0,13
2020-03-30,17,Monday,1,13
2020-03-30,18,Monday,0,13
2020-03-30,19,Monday,0,13
2020-03-30,20,Monday,0,13
2020-03-31,9,Tuesday,0,13
2020-03-31,10,Tuesday,1,13
2020-03-31,11,Tuesday,3,13
2020-03-31,12,Tuesday,1,13
2020-03-31,13,Tuesday,3,13
2020-03-31,14,Tuesday,1,13
2020-03-31,15,Tuesday,1,13
2020-03-31,16,Tuesday,1,13
2020-03-31,17,Tuesday,0,13
2020-03-31,18,Tuesday,3,13
2020-03-31,19,Tuesday,0,13
2020-03-31,20,Tuesday,1,13
